{
    "1": [
        74,
        76,
        29,
        52,
        111,
        134,
        71,
        53,
        121,
        69,
        55,
        57,
        8,
        141,
        17,
        46,
        128,
        138,
        36,
        64,
        33,
        6,
        12,
        45,
        60,
        7,
        11,
        119,
        77
    ],
    "2": [
        23,
        109,
        51,
        86,
        70,
        31,
        114,
        124,
        26,
        118,
        136,
        75,
        3,
        99,
        47,
        30,
        104,
        16,
        94,
        132,
        1,
        22,
        137,
        67,
        68,
        100,
        73,
        40,
        108,
        145,
        130
    ],
    "3": [
        13,
        14,
        38,
        44,
        144,
        102,
        49,
        65,
        56,
        122,
        135,
        110,
        127,
        83,
        41,
        24,
        113,
        125,
        81,
        72,
        21,
        101,
        146,
        87,
        126,
        59,
        79,
        42,
        85,
        61,
        115
    ],
    "4": [
        84,
        43,
        150,
        133,
        139,
        58,
        116,
        92,
        105,
        39,
        129,
        4,
        98,
        28,
        88,
        27,
        112,
        19,
        20,
        123,
        149,
        18,
        34,
        131,
        107,
        143,
        140,
        50,
        103,
        2,
        148,
        142
    ],
    "5": [
        78,
        62,
        35,
        96,
        9,
        90,
        95,
        10,
        117,
        106,
        120,
        66,
        32,
        48,
        97,
        80,
        147,
        54,
        15,
        63,
        37,
        91,
        93,
        5,
        89,
        25,
        82
    ],
    "Costs best solution": 40579,
    "All random results": [
        999999,
        999998,
        69532,
        66895,
        69451,
        68173,
        67435
    ],
    "All hillclimber results": [
        999999,
        999998,
        41902,
        40867,
        41587,
        40597,
        40579
    ],
    "Random times": [
        0.0,
        0.02003645896911621,
        0.0,
        0.01000356674194336,
        0.010002374649047852
    ],
    "Hillclimber times ": [
        3.5451271533966064,
        3.100107431411743,
        3.158658742904663,
        3.7912826538085938,
        3.578685760498047
    ]
}