{
    "1": [
        117,
        90,
        95,
        10,
        80,
        25,
        32,
        106,
        62,
        48,
        97,
        66,
        147,
        63,
        9,
        92,
        58,
        35,
        37,
        91,
        28,
        27,
        93,
        96,
        136,
        4,
        15,
        120,
        18
    ],
    "2": [
        102,
        65,
        144,
        56,
        79,
        13,
        83,
        21,
        14,
        127,
        44,
        126,
        146,
        85,
        122,
        125,
        49,
        41,
        61,
        59,
        38,
        135,
        101,
        113,
        72,
        81,
        115,
        24,
        40,
        22
    ],
    "3": [
        17,
        141,
        11,
        57,
        64,
        74,
        111,
        8,
        69,
        46,
        76,
        55,
        134,
        36,
        52,
        112,
        60,
        128,
        42,
        123,
        29,
        7,
        150,
        77,
        71,
        45,
        110,
        53,
        119,
        6,
        138,
        12
    ],
    "4": [
        33,
        142,
        139,
        133,
        116,
        105,
        129,
        39,
        84,
        98,
        88,
        19,
        87,
        103,
        20,
        143,
        73,
        2,
        148,
        121,
        149,
        34,
        131,
        130,
        43,
        89,
        107,
        78,
        140
    ],
    "5": [
        86,
        70,
        114,
        124,
        94,
        30,
        99,
        104,
        23,
        132,
        3,
        68,
        82,
        118,
        100,
        54,
        75,
        67,
        51,
        31,
        47,
        145,
        137,
        16,
        1,
        109,
        108,
        26,
        50,
        5
    ],
    "Costs best solution": 40534,
    "All random results": [
        999999,
        999998,
        66013,
        65320
    ],
    "All hillclimber results": [
        999999,
        999998,
        41011,
        40534
    ],
    "Random times": [
        0.015014171600341797,
        0.11686491966247559
    ],
    "Hillclimber times ": [
        4.390209913253784,
        4.308303356170654
    ]
}