{
    "1": [
        133,
        15,
        147,
        5,
        62,
        82,
        18,
        140,
        129,
        142,
        34,
        107,
        88,
        50,
        39,
        2,
        92,
        26,
        37,
        116,
        149,
        1,
        139,
        20,
        105,
        30,
        42,
        19
    ],
    "2": [
        8,
        134,
        141,
        76,
        53,
        121,
        111,
        128,
        29,
        55,
        138,
        17,
        71,
        36,
        7,
        57,
        46,
        52,
        74,
        6,
        69,
        77,
        64,
        12,
        24,
        119,
        11,
        33,
        81
    ],
    "3": [
        85,
        23,
        104,
        132,
        70,
        109,
        3,
        67,
        40,
        146,
        31,
        73,
        51,
        136,
        99,
        86,
        59,
        100,
        68,
        75,
        54,
        118,
        137,
        114,
        94,
        124,
        101,
        98,
        47,
        22,
        130,
        16,
        108
    ],
    "4": [
        95,
        117,
        9,
        106,
        32,
        96,
        10,
        90,
        93,
        27,
        25,
        89,
        43,
        120,
        80,
        66,
        78,
        48,
        35,
        112,
        63,
        4,
        58,
        123,
        150,
        84,
        28,
        97,
        91,
        60
    ],
    "5": [
        44,
        115,
        83,
        21,
        13,
        131,
        125,
        122,
        102,
        113,
        145,
        38,
        72,
        127,
        61,
        87,
        56,
        110,
        143,
        103,
        41,
        144,
        14,
        135,
        79,
        65,
        45,
        126,
        49,
        148
    ],
    "Costs best solution": 40930,
    "All random results": [
        999999,
        999998,
        67579,
        68821,
        71854,
        68344,
        68794
    ],
    "All hillclimber results": [
        999999,
        999998,
        42307,
        41767,
        41542,
        42838,
        40930
    ],
    "Random times": [
        0.07878994941711426,
        0.016958951950073242,
        0.03194022178649902,
        0.023996353149414062,
        0.01607060432434082
    ],
    "Hillclimber times ": [
        4.672595024108887,
        4.584740877151489,
        4.241764068603516,
        3.4706623554229736,
        4.497888565063477
    ]
}