{
    "1": [
        76,
        74,
        141,
        71,
        52,
        111,
        8,
        64,
        29,
        134,
        60,
        17,
        57,
        120,
        69,
        36,
        46,
        53,
        6,
        112,
        123,
        55,
        128,
        150,
        27,
        78,
        96,
        77,
        43,
        84,
        7
    ],
    "2": [
        143,
        126,
        20,
        81,
        139,
        24,
        103,
        119,
        42,
        33,
        2,
        121,
        45,
        148,
        110,
        41,
        56,
        135,
        113,
        49,
        12,
        138,
        83,
        39,
        88,
        11,
        149,
        34,
        38,
        19
    ],
    "3": [
        18,
        136,
        50,
        68,
        26,
        54,
        99,
        70,
        1,
        118,
        82,
        108,
        116,
        137,
        23,
        30,
        75,
        37,
        124,
        100,
        140,
        132,
        114,
        86,
        104,
        3,
        31,
        94,
        109,
        51,
        5
    ],
    "4": [
        91,
        117,
        89,
        90,
        63,
        9,
        97,
        66,
        35,
        10,
        142,
        28,
        105,
        106,
        129,
        25,
        80,
        32,
        58,
        95,
        133,
        4,
        92,
        62,
        48,
        147,
        93,
        15
    ],
    "5": [
        130,
        146,
        40,
        85,
        125,
        72,
        65,
        101,
        131,
        61,
        21,
        79,
        22,
        127,
        102,
        44,
        59,
        14,
        115,
        145,
        144,
        87,
        122,
        13,
        67,
        73,
        16,
        98,
        47,
        107
    ],
    "Costs best solution": 41317,
    "All random results": [
        999999,
        999998,
        68290,
        68335,
        69595,
        66526,
        67111
    ],
    "All hillclimber results": [
        999999,
        999998,
        43090,
        43783,
        42037,
        41848,
        41317
    ],
    "Random times": [
        0.010037422180175781,
        0.0,
        0.020005226135253906,
        0.009999513626098633,
        0.009963274002075195
    ],
    "Hillclimber times ": [
        3.839773654937744,
        3.899893045425415,
        4.35998272895813,
        3.890660285949707,
        4.1303956508636475
    ]
}