{
    "1": [
        18,
        23,
        59,
        107,
        127,
        100,
        106,
        94,
        137,
        14,
        114,
        133,
        8,
        61,
        4,
        81,
        51,
        16,
        148,
        68,
        113,
        22,
        82,
        79,
        62,
        72,
        41,
        58,
        38,
        96
    ],
    "2": [
        131,
        48,
        143,
        80,
        89,
        122,
        109,
        78,
        121,
        95,
        2,
        103,
        139,
        37,
        85,
        111,
        40,
        44,
        54,
        27,
        67,
        63,
        6,
        117,
        129,
        118,
        104,
        92,
        77
    ],
    "3": [
        120,
        73,
        90,
        147,
        69,
        112,
        11,
        135,
        5,
        71,
        29,
        46,
        64,
        35,
        9,
        83,
        145,
        140,
        110,
        7,
        136,
        17,
        30,
        34,
        132,
        39,
        101,
        20,
        75,
        138
    ],
    "4": [
        32,
        1,
        91,
        119,
        57,
        45,
        86,
        88,
        47,
        142,
        115,
        25,
        15,
        125,
        10,
        26,
        60,
        124,
        87,
        19,
        33,
        150,
        149,
        144,
        108,
        93,
        105,
        21,
        52,
        130,
        28
    ],
    "5": [
        74,
        99,
        102,
        50,
        123,
        84,
        53,
        66,
        141,
        98,
        134,
        56,
        128,
        76,
        116,
        126,
        3,
        31,
        36,
        43,
        49,
        24,
        12,
        65,
        55,
        70,
        13,
        146,
        42
    ],
    "Costs best solution": 46348,
    "All random results": [
        999999,
        999998,
        68182,
        69712,
        69037,
        68164,
        69829
    ],
    "All hillclimber results": [
        999999,
        999998,
        46402,
        46348,
        47815,
        46906,
        46357
    ],
    "Random times": [
        0.007996559143066406,
        0.006001472473144531,
        0.006013631820678711,
        0.011050701141357422,
        0.0030117034912109375
    ],
    "Hillclimber times": [
        7.1912150382995605,
        7.662663459777832,
        7.624913930892944,
        6.606276512145996,
        7.706817388534546
    ]
}